,SPX Index,IBM US Equity,GOOG US Equity,FB US Equity,AMZN US Equity,BABA US Equity,MSFT US Equity,NDX Index,VIX Index
SPX Index,1,0.984077972,0.996134382,0.991345387,0.994346847,0.95419658,0.997749158,0.998693891,0.967862102
IBM US Equity,0.984077972,1,0.967813362,0.954383312,0.962355895,0.890995861,0.970740913,0.974534137,0.971466596
GOOG US Equity,0.996134382,0.967813362,1,0.994686104,0.998860147,0.96631841,0.998417149,0.998609516,0.951151985
FB US Equity,0.991345387,0.954383312,0.994686104,1,0.996456048,0.982448955,0.997154536,0.9961641,0.947820826
AMZN US Equity,0.994346847,0.962355895,0.998860147,0.996456048,1,0.971897922,0.997985382,0.997998448,0.949476979
BABA US Equity,0.95419658,0.890995861,0.96631841,0.982448955,0.971897922,1,0.970300851,0.965591703,0.897939797
MSFT US Equity,0.997749158,0.970740913,0.998417149,0.997154536,0.997985382,0.970300851,1,0.999574222,0.958410422
NDX Index,0.998693891,0.974534137,0.998609516,0.9961641,0.997998448,0.965591703,0.999574222,1,0.960750919
VIX Index,0.967862102,0.971466596,0.951151985,0.947820826,0.949476979,0.897939797,0.958410422,0.960750919,1
